<?xml version="1.0" encoding="UTF-8"?>
<!DOCTYPE mapper PUBLIC "-//mybatis.org//DTD Mapper 3.0//EN" "http://mybatis.org/dtd/mybatis-3-mapper.dtd">
<mapper namespace="com.baizhi.dao.CommentDao">

    <resultMap type="com.baizhi.entity.Comment" id="CommentMap">
        <result property="id" column="id" jdbcType="INTEGER"/>
        <result property="uid" column="uid" jdbcType="INTEGER"/>
        <result property="videoId" column="video_id" jdbcType="INTEGER"/>
        <result property="content" column="content" jdbcType="VARCHAR"/>
        <result property="createdAt" column="created_at" jdbcType="TIMESTAMP"/>
        <result property="updatedAt" column="updated_at" jdbcType="TIMESTAMP"/>
        <result property="deletedAt" column="deleted_at" jdbcType="TIMESTAMP"/>
    </resultMap>

    <!--查询单个-->
    <select id="queryById" resultMap="CommentMap">
        select id,
               uid,
               video_id,
               content,
               created_at,
               updated_at,
               deleted_at
        from yingxue.comment
        where id = #{id}
    </select>

    <!--查询指定行数据-->
    <select id="queryAllByLimit" resultMap="CommentMap">
        select id,
               uid,
               video_id,
               content,
               created_at,
               updated_at,
               deleted_at
        from yingxue.comment limit #{offset}, #{limit}
    </select>

    <!--通过实体作为筛选条件查询-->
    <select id="queryAll" resultMap="CommentMap">
        select
        id, uid, video_id, content, created_at, updated_at, deleted_at
        from yingxue.comment
        <where>
            <if test="id != null">
                and id = #{id}
            </if>
            <if test="uid != null">
                and uid = #{uid}
            </if>
            <if test="videoId != null">
                and video_id = #{videoId}
            </if>
            <if test="content != null and content != ''">
                and content = #{content}
            </if>
            <if test="createdAt != null">
                and created_at = #{createdAt}
            </if>
            <if test="updatedAt != null">
                and updated_at = #{updatedAt}
            </if>
            <if test="deletedAt != null">
                and deleted_at = #{deletedAt}
            </if>
        </where>
    </select>

    <!--新增所有列-->
    <insert id="insert" keyProperty="id" useGeneratedKeys="true">
        insert into yingxue.comment(uid, video_id, content, created_at, updated_at, deleted_at)
        values (#{uid}, #{videoId}, #{content}, #{createdAt}, #{updatedAt}, #{deletedAt})
    </insert>

    <!--通过主键修改数据-->
    <update id="update">
        update yingxue.comment
        <set>
            <if test="uid != null">
                uid = #{uid},
            </if>
            <if test="videoId != null">
                video_id = #{videoId},
            </if>
            <if test="content != null and content != ''">
                content = #{content},
            </if>
            <if test="createdAt != null">
                created_at = #{createdAt},
            </if>
            <if test="updatedAt != null">
                updated_at = #{updatedAt},
            </if>
            <if test="deletedAt != null">
                deleted_at = #{deletedAt},
            </if>
        </set>
        where id = #{id}
    </update>

    <!--通过主键删除-->
    <delete id="deleteById">
        delete
        from yingxue.comment
        where id = #{id}
    </delete>

    <!--根据视频id查询视频详情-->
    <select id="findByVideoId" resultMap="CommentMap">
        select id,
               uid,
               video_id,
               content,
               created_at,
               updated_at,
               deleted_at
        from yingxue.comment
        where video_id = #{id} limit #{start}
            , #{rows}
    </select>

    <!--根据视频id查询视频详情-->
    <select id="findByVideoIdCounts" resultType="Long">
        select count(id)
        from yingxue.comment
        where video_id = #{id}
    </select>

    <select id="findByParentId" parameterType="Integer" resultType="Comment">
        select id,
               uid,
               video_id,
               content,
               created_at,
               updated_at,
               deleted_at,
               parent_id
        from yingxue.comment
        where parent_id = #{id}
    </select>

</mapper>