<?xml version="1.0" encoding="UTF-8"?>
<!DOCTYPE mapper PUBLIC "-//mybatis.org//DTD Mapper 3.0//EN" "http://mybatis.org/dtd/mybatis-3-mapper.dtd">
<mapper namespace="com.baizhi.dao.FollowingDao">


    <resultMap type="com.baizhi.entity.Following" id="FollowingMap">
        <result property="id" column="id" jdbcType="INTEGER"/>
        <result property="uid" column="uid" jdbcType="INTEGER"/>
        <result property="followingId" column="following_id" jdbcType="INTEGER"/>
        <result property="createdAt" column="created_at" jdbcType="TIMESTAMP"/>
        <result property="updatedAt" column="updated_at" jdbcType="TIMESTAMP"/>
        <result property="deletedAt" column="deleted_at" jdbcType="TIMESTAMP"/>
    </resultMap>


    <!--查询单个-->
    <select id="queryById" resultMap="FollowingMap">
        select id,
               uid,
               following_id,
               created_at,
               updated_at,
               deleted_at
        from yingxue.following
        where id = #{id}

    </select>

    <!--查询指定行数据-->
    <select id="queryAllByLimit" resultMap="FollowingMap">
        select id,
               uid,
               following_id,
               created_at,
               updated_at,
               deleted_at
        from yingxue.following limit #{offset}, #{limit}
    </select>

    <!--通过实体作为筛选条件查询-->
    <select id="queryAll" resultMap="FollowingMap">
        select
        id, uid, following_id, created_at, updated_at, deleted_at
        from yingxue.following
        <where>
            <if test="id != null">
                and id = #{id}
            </if>
            <if test="uid != null">
                and uid = #{uid}
            </if>
            <if test="followingId != null">
                and following_id = #{followingId}
            </if>
            <if test="createdAt != null">
                and created_at = #{createdAt}
            </if>
            <if test="updatedAt != null">
                and updated_at = #{updatedAt}
            </if>
            <if test="deletedAt != null">
                and deleted_at = #{deletedAt}
            </if>
        </where>
    </select>

    <!--新增所有列-->
    <insert id="insert" keyProperty="id" useGeneratedKeys="true">
        insert into yingxue.following(uid, following_id, created_at, updated_at, deleted_at)
        values (#{uid}, #{followingId}, #{createdAt}, #{updatedAt}, #{deletedAt})
    </insert>

    <!--通过主键修改数据-->
    <update id="update">
        update yingxue.following
        <set>
            <if test="uid != null">
                uid = #{uid},
            </if>
            <if test="followingId != null">
                following_id = #{followingId},
            </if>
            <if test="createdAt != null">
                created_at = #{createdAt},
            </if>
            <if test="updatedAt != null">
                updated_at = #{updatedAt},
            </if>
            <if test="deletedAt != null">
                deleted_at = #{deletedAt},
            </if>
        </set>
        where id = #{id}
    </update>

    <!--通过主键删除-->
    <delete id="deleteById">
        delete
        from yingxue.following
        where id = #{id}
    </delete>


    <!--我的粉丝-->
    <select id="findAllByUserId" resultMap="FollowingMap">
        select id,
               uid,
               following_id,
               created_at,
               updated_at,
               deleted_at
        from yingxue.following
        where uid = #{userId}
    </select>


    <!--我的关注-->
    <select id="findAllFollowingByUserId" resultMap="FollowingMap">
        select id,
               uid,
               following_id,
               created_at,
               updated_at,
               deleted_at
        from yingxue.following
        where following_id = #{userId}
    </select>


</mapper>