<?xml version="1.0" encoding="UTF-8"?>
<!DOCTYPE mapper PUBLIC "-//mybatis.org//DTD Mapper 3.0//EN" "http://mybatis.org/dtd/mybatis-3-mapper.dtd">
<mapper namespace="com.baizhi.dao.CategoryDao">


    <cache/>

    <resultMap type="com.baizhi.entity.Category" id="CategoryMap">
        <result property="id" column="id" jdbcType="INTEGER"/>
        <result property="name" column="name" jdbcType="VARCHAR"/>
        <result property="parentId" column="parent_id" jdbcType="INTEGER"/>
        <result property="createdAt" column="created_at" jdbcType="TIMESTAMP"/>
        <result property="updatedAt" column="updated_at" jdbcType="TIMESTAMP"/>
        <result property="deletedAt" column="deleted_at" jdbcType="TIMESTAMP"/>
    </resultMap>

    <resultMap type="com.baizhi.entity.Category" id="categoryListMap">
        <result property="id" column="id" jdbcType="INTEGER"/>
        <result property="name" column="name" jdbcType="VARCHAR"/>
        <result property="parentId" column="cpid" jdbcType="INTEGER"/>
        <collection property="children" javaType="list" ofType="com.baizhi.entity.Category">
            <result property="id" column="cid" jdbcType="INTEGER"/>
            <result property="name" column="cname" jdbcType="VARCHAR"/>
            <result property="parentId" column="ccpid" jdbcType="INTEGER"/>
        </collection>
    </resultMap>


    <!--查询所有表连接-->
    <select id="findAll" resultMap="categoryListMap">
        select c.id,
               c.name,
               c.parent_id  cpid,
               c1.id        cid,
               c1.name      cname,
               c1.parent_id ccpid
        from category c
                 left join category c1
                           on c.id = c1.parent_id
        where c.parent_id is null
    </select>


    <!--查询单个-->
    <select id="queryById" resultMap="CategoryMap">
        select id,
               name,
               parent_id,
               created_at,
               updated_at,
               deleted_at
        from yingxue.category
        where id = #{id}
    </select>

    <!--查询指定行数据-->
    <select id="queryAllByLimit" resultMap="CategoryMap">
        select id,
               name,
               parent_id,
               created_at,
               updated_at,
               deleted_at
        from yingxue.category limit #{offset}, #{limit}
    </select>

    <!--通过实体作为筛选条件查询-->
    <select id="queryAll" resultMap="CategoryMap">
        select
        id, name, parent_id, created_at, updated_at, deleted_at
        from yingxue.category
        <where>
            <if test="id != null">
                and id = #{id}
            </if>
            <if test="name != null and name != ''">
                and name = #{name}
            </if>
            <if test="parentId != null">
                and parent_id = #{parentId}
            </if>
            <if test="createdAt != null">
                and created_at = #{createdAt}
            </if>
            <if test="updatedAt != null">
                and updated_at = #{updatedAt}
            </if>
            <if test="deletedAt != null">
                and deleted_at = #{deletedAt}
            </if>
        </where>
    </select>

    <!--新增所有列-->
    <insert id="insert" keyProperty="id" useGeneratedKeys="true">
        insert into yingxue.category(name, parent_id, created_at, updated_at, deleted_at)
        values (#{name}, #{parentId}, #{createdAt}, #{updatedAt}, #{deletedAt})
    </insert>

    <!--通过主键修改数据-->
    <update id="update">
        update yingxue.category
        <set>
            <if test="name != null and name != ''">
                name = #{name},
            </if>
            <if test="parentId != null">
                parent_id = #{parentId},
            </if>
            <if test="createdAt != null">
                created_at = #{createdAt},
            </if>
            <if test="updatedAt != null">
                updated_at = #{updatedAt},
            </if>
            <if test="deletedAt != null">
                deleted_at = #{deletedAt},
            </if>
        </set>
        where id = #{id}
    </update>

    <!--通过主键删除-->
    <delete id="deleteById">
        delete
        from yingxue.category
        where id = #{id}
    </delete>

</mapper>